Start,End
VANCOUVER,CALGARY
VANCOUVER,SEATTLE
CALGARY,WINNIPEG
CALGARY,HELENA
SEATTLE,CALGARY
SEATTLE,PORTLAND
SEATTLE,HELENA
WINNIPEG,HELENA
WINNIPEG,DULUTH
WINNIPEG,SAUL ST MARIE
SAUL ST MARIE,MONTREAL
SAUL ST MARIE,DULUTH
SAUL ST MARIE,TORONTO
MONTREAL,TORONTO
MONTREAL,BOSTON
MONTREAL,NEW YORK
BOSTON,NEW YORK
NEW YORK,MONTREAL
NEW YORK,PITTSBURGH
NEW YORK,BOSTON
NEW YORK,WASHINGTON
WASHINGTON,PITTSBURGH
WASHINGTON,RALEIGH
RALEIGH,NASHVILLE
RALEIGH,ATLANTA
RALEIGH,CHARLESTON
CHARLESTON,ATLANTA
CHARLESTON,RALEIGH
CHARLESTON,MIAMI
MIAMI,ATLANTA
MIAMI,CHARLESTON
MIAMI,NEW ORLEANS
ATLANTA,MIAMI
ATLANTA,CHARLESTON
ATLANTA,NASHVILLE
ATLANTA,NEW ORLEANS
NASHVILLE,ATLANTA
NASHVILLE,SAINT LOUIS
NASHVILLE,LITTLE ROCK
NASHVILLE,PITTSBURGH
PITTSBURGH,NEW YORK
PITTSBURGH,TORONTO
PITTSBURGH,CHICAGO
PITTSBURGH,SAINT LOUIS
PITTSBURGH,NASHVILLE
PITTSBURGH,RALEIGH
TORONTO,SAUL ST MARIE
TORONTO,DULUTH
TORONTO,CHICAGO
TORONTO,PITTSBURGH
CHICAGO,DULUTH
CHICAGO,PITTSBURGH
CHICAGO,OMAHA
CHICAGO,SAINT LOUIS
CHICAGO,TORONTO
SAINT LOUIS,KANSAS CITY
SAINT LOUIS,CHICAGO
SAINT LOUIS,NASHVILLE
SAINT LOUIS,LITTLE ROCK
LITTLE ROCK,SAINT LOUIS
LITTLE ROCK,NASHVILLE
LITTLE ROCK,OKLAHOMA CITY
LITTLE ROCK,DALLAS
LITTLE ROCK,NEW ORLEANS
NEW ORLEANS,LITTLE ROCK
NEW ORLEANS,HOUSTON
HOUSTON,NEW ORLEANS
HOUSTON,DALLAS
HOUSTON,EL PASO
DULUTH,WINNIPEG
DULUTH,SAUL ST MARIE
DULUTH,HELENA
DULUTH,OMAHA
DULUTH,CHICAGO
OMAHA,DULUTH
OMAHA,CHICAGO
OMAHA,HELENA
OMAHA,DENVER
OMAHA,KANSAS CITY
KANSAS CITY,SAINT LOUIS
KANSAS CITY,OMOAHA
KANSAS CITY,DENVER
KANSAS CITY,OKLAHOMA CITY
OKLAHOMA CITY,KANSAS CITY
OKLAHOMA CITY,DENVER
OKLAHOMA CITY,LITTLE ROCK
OKLAHOMA CITY,SANTA FE
OKLAHOMA CITY,EL PASO
OKLAHOMA CITY,DALLAS
DALLAS,OKLAHOMA CITY
DALLAS,HOUSTON
DALLAS,EL PASO
DALLAS,LITTLE ROCK
HOUSTON,DALLAS
HOUSTON,NEW ORLEANS
HOUSTON,EL PASO
HELENA,SEATTLE
HELENA,CALGARY
HELENA,WINNIPEG
HELENA,DULUTH
HELENA,SALT LAKE CITY
HELENA,DENVER
SALT LAKE CITY,HELENA
SALT LAKE CITY,PORTLAND
SALT LAKE CITY,SAN FRANCISCO
SALT LAKE CITY,LAS VEGAS
SALT LAKE CITY,DENVER
DENVER,SALT LAKE CITY
DENVER,OMAHA
DENVER,OKLAHOMA CITY
DENVER,SANTA FE
DENVER,PHOENIX
DENVER,HELENA
DENVER,KANSAS CITY
SANTA FE,DENVER
SANTA FE,OKLAHOMA CITY
SANTA FE,EL PASO
SANTA FE,PHOENIX
EL PASO,SANTA FE
EL PASO,OKLAHOMA CITY
EL PASO,DALLAS
EL PASO,HOUSTON
EL PASO,LOS ANGELES
EL PASO,PHOENIX
LAS VEGAS,LOS ANGELES
LAS VEGAS,SALT LAKE CITY
PORTLAND,SALT LAKE CITY
PORTLAND,SAN FRANCISCO
PORTLAND,SEATTLE
SAN FRANCISCO,LOS ANGELES
SAN FRANCISCO,SALT LAKE CITY
SAN FRANCISCO,PORTLAND
LOS ANGELES,LAS VEGAS
LOS ANGELES,SAN FRANCISCO
LOS ANGELES,EL PASO
PHOENIX,DENVER
PHOENIX,EL PASO
PHOENIX,SANTA FE
PHOENIX,LOS ANGELES